title,year,rating,genres,description,director,url
The Shawshank Redemption,,9.3,Drama,"A banker convicted of uxoricide forms a friendship over a quarter century with a hardened convict, while maintaining his innocence and trying to remain hopeful through simple compassion.",Frank Darabont,https://www.imdb.com/title/tt0111161/
The Godfather,,9.2,"Crime, Drama",The aging patriarch of an organized crime dynasty transfers control of his clandestine empire to his reluctant son.,Francis Ford Coppola,https://www.imdb.com/title/tt0068646/
The Dark Knight,,9.0,"Action, Crime, Drama","When a menace known as the Joker wreaks havoc and chaos on the people of Gotham, Batman, James Gordon and Harvey Dent must work together to put an end to the madness.",Christopher Nolan,https://www.imdb.com/title/tt0468569/
The Godfather Part II,,9.0,"Crime, Drama","The early life and career of Vito Corleone in 1920s New York City is portrayed, while his son, Michael, expands and tightens his grip on the family crime syndicate.",Francis Ford Coppola,https://www.imdb.com/title/tt0071562/
12 Angry Men,,9.0,"Crime, Drama",The jury in a New York City murder trial is frustrated by a single member whose skeptical caution forces them to more carefully consider the evidence before jumping to a hasty verdict.,Sidney Lumet,https://www.imdb.com/title/tt0050083/
The Lord of the Rings: The Return of the King,,9.0,"Adventure, Drama, Fantasy",Gandalf and Aragorn lead the World of Men against Sauron&apos;s army to draw his gaze from Frodo and Sam as they approach Mount Doom with the One Ring.,Peter Jackson,https://www.imdb.com/title/tt0167260/
Schindler&apos;s List,,9.0,"Biography, Drama, History","In German-occupied Poland during World War II, industrialist Oskar Schindler gradually becomes concerned for his Jewish workforce after witnessing their persecution by the Nazis.",Steven Spielberg,https://www.imdb.com/title/tt0108052/
Pulp Fiction,,8.9,"Crime, Drama","The lives of two mob hitmen, a boxer, a gangster and his wife, and a pair of diner bandits intertwine in four tales of violence and redemption.",Quentin Tarantino,https://www.imdb.com/title/tt0110912/
The Lord of the Rings: The Fellowship of the Ring,,8.9,"Adventure, Drama, Fantasy",A meek Hobbit from the Shire and eight companions set out on a journey to destroy the powerful One Ring and save Middle-earth from the Dark Lord Sauron.,Peter Jackson,https://www.imdb.com/title/tt0120737/
"Il buono, il brutto, il cattivo",,8.8,"Adventure, Western",A bounty-hunting scam joins two men in an uneasy alliance against a third in a race to find a fortune in gold buried in a remote cemetery.,Sergio Leone,https://www.imdb.com/title/tt0060196/
Forrest Gump,,8.8,"Drama, Romance","The history of the United States from the 1950s to the &apos;70s unfolds from the perspective of an Alabama man with an IQ of 75, who yearns to be reunited with his childhood sweetheart.",Robert Zemeckis,https://www.imdb.com/title/tt0109830/
The Lord of the Rings: The Two Towers,,8.8,"Adventure, Drama, Fantasy","While Frodo and Sam edge closer to Mordor with the help of the shifty Gollum, the divided fellowship makes a stand against Sauron&apos;s new ally, Saruman, and his hordes of Isengard.",Peter Jackson,https://www.imdb.com/title/tt0167261/
Fight Club,,8.8,"Crime, Drama, Thriller",An insomniac office worker and a devil-may-care soap maker form an underground fight club that evolves into much more.,David Fincher,https://www.imdb.com/title/tt0137523/
Inception,,8.8,"Action, Adventure, Sci-Fi","A thief who steals corporate secrets through the use of dream-sharing technology is given the inverse task of planting an idea into the mind of a C.E.O., but his tragic past may doom the project and his team to disaster.",Christopher Nolan,https://www.imdb.com/title/tt1375666/
Star Wars: Episode V - The Empire Strikes Back,,8.7,"Action, Adventure, Fantasy","After the Empire overpowers the Rebel Alliance, Luke Skywalker begins training with Jedi Master Yoda, while Darth Vader and bounty hunter Boba Fett pursue his friends across the galaxy.",Irvin Kershner,https://www.imdb.com/title/tt0080684/
The Matrix,,8.7,"Action, Sci-Fi","When a beautiful stranger leads computer hacker Neo to a forbidding underworld, he discovers the shocking truth--the life he knows is the elaborate deception of an evil cyber-intelligence.",Lana Wachowski,https://www.imdb.com/title/tt0133093/
GoodFellas,,8.7,"Biography, Crime, Drama","The story of Henry Hill and his life in the mafia, covering his relationship with his wife Karen and his mob partners Jimmy Conway and Tommy DeVito.",Martin Scorsese,https://www.imdb.com/title/tt0099685/
Interstellar,,8.7,"Adventure, Drama, Sci-Fi","When Earth becomes uninhabitable in the future, a farmer and ex-NASA pilot, Joseph Cooper, is tasked to pilot a spacecraft, along with a team of researchers, to find a new planet for humans.",Christopher Nolan,https://www.imdb.com/title/tt0816692/
One Flew Over the Cuckoo&apos;s Nest,,8.7,Drama,A newly admitted mental patient helps his docile companions defy the tyrannical head nurse.,Milos Forman,https://www.imdb.com/title/tt0073486/
Se7en,,8.6,"Crime, Drama, Mystery","Two detectives, a rookie and a veteran, hunt a serial killer who uses the seven deadly sins as his motives.",David Fincher,https://www.imdb.com/title/tt0114369/
It&apos;s a Wonderful Life,,8.6,"Drama, Family, Fantasy",An angel is sent from Heaven to help a desperately frustrated businessman by showing him what life would have been like if he had never existed.,Frank Capra,https://www.imdb.com/title/tt0038650/
The Silence of the Lambs,,8.6,"Crime, Drama, Horror","A young F.B.I. cadet must receive the help of an incarcerated and manipulative cannibal killer to help catch another serial killer, a madman who skins his victims.",Jonathan Demme,https://www.imdb.com/title/tt0102926/
Shichinin no samurai,,8.6,"Action, Drama","Farmers from a village exploited by bandits hire a veteran samurai for protection, and he gathers six other samurai to join him.",Akira Kurosawa,https://www.imdb.com/title/tt0047478/
Saving Private Ryan,,8.6,"Drama, War","Following the Normandy Landings, a group of U.S. soldiers go behind enemy lines to retrieve a paratrooper whose brothers have been killed in action.",Steven Spielberg,https://www.imdb.com/title/tt0120815/
Cidade de Deus,,8.6,"Crime, Drama","In the slums of Rio, two kids&apos; paths diverge as one struggles to become a photographer and the other a kingpin.",Fernando Meirelles,https://www.imdb.com/title/tt0317248/
The Green Mile,,8.6,"Crime, Drama, Fantasy",A death row guard learns that a gentle giant in his charge possesses a mysterious gift.,Frank Darabont,https://www.imdb.com/title/tt0120689/
La vita è bella,,8.6,"Comedy, Drama, Romance","When an open-minded Jewish waiter and his son become victims of the Holocaust, he uses a perfect mixture of will, humor and imagination to protect his son from the dangers around their camp.",Roberto Benigni,https://www.imdb.com/title/tt0118799/
Terminator 2: Judgment Day,,8.6,"Action, Adventure, Sci-Fi","A cyborg, identical to the one who failed to kill Sarah Connor, must now protect her ten year old son John from an even more advanced and powerful cyborg.",James Cameron,https://www.imdb.com/title/tt0103064/
Star Wars,,8.6,"Action, Adventure, Fantasy","Luke Skywalker joins forces with a Jedi Knight, a cocky pilot, a Wookiee and two droids to save the galaxy from the Empire&apos;s world-destroying battle station, while also attempting to rescue Princess Leia from the mysterious Darth ...",George Lucas,https://www.imdb.com/title/tt0076759/
Back to the Future,,8.5,"Adventure, Comedy, Sci-Fi","Marty McFly, a 17-year-old high school student, is accidentally sent 30 years into the past in a time-traveling DeLorean invented by his close friend, the maverick scientist Doc Brown.",Robert Zemeckis,https://www.imdb.com/title/tt0088763/
Sen to Chihiro no kamikakushi,,8.6,"Animation, Adventure, Family","During her family&apos;s move to the suburbs, a sullen 10-year-old girl wanders into a world ruled by gods, witches and spirits, and where humans are changed into beasts.",Hayao Miyazaki,https://www.imdb.com/title/tt0245429/
The Pianist,,8.5,"Biography, Drama, Music","During WWII, acclaimed Polish musician Wladyslaw faces various struggles as he loses contact with his family. As the situation worsens, he hides in the ruins of Warsaw in order to survive.",Roman Polanski,https://www.imdb.com/title/tt0253474/
Gladiator,,8.5,"Action, Adventure, Drama",A former Roman General sets out to exact vengeance against the corrupt emperor who murdered his family and sent him into slavery.,Ridley Scott,https://www.imdb.com/title/tt0172495/
Gisaengchung,,8.5,"Drama, Thriller",Greed and class discrimination threaten the newly formed symbiotic relationship between the wealthy Park family and the destitute Kim clan.,Bong Joon Ho,https://www.imdb.com/title/tt6751668/
Psycho,,8.5,"Drama, Horror, Mystery",A secretary on the run for embezzlement takes refuge at a secluded California motel owned by a repressed man and his overbearing mother.,Alfred Hitchcock,https://www.imdb.com/title/tt0054215/
The Lion King,,8.5,"Animation, Adventure, Drama","Lion prince Simba and his father are targeted by his bitter uncle, who wants to ascend the throne himself.",Roger Allers,https://www.imdb.com/title/tt0110357/
Hotaru no haka,,8.5,"Animation, Drama, War",A young boy and his little sister struggle to survive in Japan during World War II.,Isao Takahata,https://www.imdb.com/title/tt0095327/
The Departed,,8.5,"Crime, Drama, Thriller",An undercover cop and a mole in the police attempt to identify each other while infiltrating an Irish gang in South Boston.,Martin Scorsese,https://www.imdb.com/title/tt0407887/
Whiplash,,8.5,"Drama, Music",A promising young drummer enrolls at a cut-throat music conservatory where his dreams of greatness are mentored by an instructor who will stop at nothing to realize a student&apos;s potential.,Damien Chazelle,https://www.imdb.com/title/tt2582802/
Seppuku,,8.6,"Drama, Mystery","When a ronin requesting seppuku at a feudal lord&apos;s palace is told of the brutal suicide of another ronin who previously visited, he reveals how their pasts are intertwined - and in doing so challenges the clan&apos;s integrity.",Masaki Kobayashi,https://www.imdb.com/title/tt0056058/
The Prestige,,8.5,"Drama, Mystery, Sci-Fi",Rival 19th-century magicians engage in a bitter battle for trade secrets.,Christopher Nolan,https://www.imdb.com/title/tt0482571/
American History X,,8.5,"Crime, Drama","Living a life marked by violence, neo-Nazi Derek finally goes to prison after killing two black youths. Upon his release, Derek vows to change; he hopes to prevent his brother, Danny, who idolizes Derek, from following in his foot...",Tony Kaye,https://www.imdb.com/title/tt0120586/
Léon,,8.5,"Action, Crime, Drama",An Italian hit man protects a New York orphan.,Luc Besson,https://www.imdb.com/title/tt0110413/
Spider-Man: Across the Spider-Verse,,8.5,"Animation, Action, Adventure","Traveling across the multiverse, Miles Morales meets a new team of Spider-People, made up of heroes from different dimensions. But when the heroes clash over how to deal with a new threat, Miles finds himself at a crossroads.",Joaquim Dos Santos,https://www.imdb.com/title/tt9362722/
Casablanca,,8.5,"Drama, Romance, War",A cynical expatriate American cafe owner struggles to decide whether or not to help his former lover and her fugitive husband escape the Nazis in French Morocco.,Michael Curtiz,https://www.imdb.com/title/tt0034583/
The Usual Suspects,,8.5,"Crime, Drama, Mystery",The sole survivor of a pier shoot-out tells the story of how a notorious criminal influenced the events that began with five criminals meeting in a seemingly random police lineup.,Bryan Singer,https://www.imdb.com/title/tt0114814/
Intouchables,,8.5,"Comedy, Drama","After he becomes a quadriplegic from a paragliding accident, an aristocrat hires a young man from the projects to be his caregiver.",Olivier Nakache,https://www.imdb.com/title/tt1675434/
Nuovo Cinema Paradiso,,8.5,"Drama, Romance","Salvatore, a famous film director, returns to his hometown for the funeral of the local theater&apos;s film projectionist, Alfredo. He reminisces about his life as a young boy falling in love with cinema.",Giuseppe Tornatore,https://www.imdb.com/title/tt0095765/
Alien,,8.5,"Horror, Sci-Fi","After investigating a mysterious transmission of unknown origin, the crew of a commercial spacecraft encounters a deadly lifeform.",Ridley Scott,https://www.imdb.com/title/tt0078748/
Modern Times,,8.5,"Comedy, Drama, Romance",The Tramp struggles to live in modern industrial society with the help of a young homeless woman.,Charles Chaplin,https://www.imdb.com/title/tt0027977/
Rear Window,,8.5,"Drama, Mystery, Thriller",A bored photographer recovering from a broken leg passes the time by watching his neighbors and begins to suspect one of them of murder.,Alfred Hitchcock,https://www.imdb.com/title/tt0047396/
C&apos;era una volta il West,,8.5,"Drama, Western",A mysterious stranger with a harmonica joins forces with a notorious desperado to protect a beautiful widow from a ruthless assassin working for the railroad.,Sergio Leone,https://www.imdb.com/title/tt0064116/
Django Unchained,,8.5,Western,"With the help of a German bounty-hunter, a freed slave sets out to rescue his wife from a brutal plantation owner in Mississippi.",Quentin Tarantino,https://www.imdb.com/title/tt1853728/
City Lights,,8.5,"Comedy, Drama, Romance","With the aid of a wealthy erratic tippler, a dewy-eyed tramp who has fallen in love with a sightless flower girl accumulates money to be able to help her medically.",Charles Chaplin,https://www.imdb.com/title/tt0021749/
Apocalypse Now,,8.4,"Drama, Mystery, War",A U.S. Army officer serving in Vietnam is tasked with assassinating a renegade Special Forces Colonel who sees himself as a god.,Francis Ford Coppola,https://www.imdb.com/title/tt0078788/
Dune: Part Two,,8.5,"Action, Adventure, Drama","Paul Atreides unites with the Fremen while on a warpath of revenge against the conspirators who destroyed his family. Facing a choice between the love of his life and the fate of the universe, he endeavors to prevent a terrible fu...",Denis Villeneuve,https://www.imdb.com/title/tt15239678/
WALL·E,,8.4,"Animation, Adventure, Family","A robot who is responsible for cleaning a waste-covered Earth meets another robot and falls in love with her. Together, they set out on a journey that will alter the fate of mankind.",Andrew Stanton,https://www.imdb.com/title/tt0910970/
Memento,,8.4,"Mystery, Thriller",A former insurance investigator who now suffers from anterograde amnesia uses notes and tattoos to hunt down his wife&apos;s murderer.,Christopher Nolan,https://www.imdb.com/title/tt0209144/
Raiders of the Lost Ark,,8.4,"Action, Adventure","In 1936, archaeologists and adventurers of the U.S. government hired Indiana Jones to find the Ark of the Covenant before the Nazis could obtain its extraordinary powers.",Steven Spielberg,https://www.imdb.com/title/tt0082971/
Das Leben der Anderen,,8.4,"Drama, Mystery, Thriller","In 1984 East Berlin, an agent of the secret police conducting surveillance on a writer and his lover finds himself becoming increasingly absorbed by their lives.",Florian Henckel von Donnersmarck,https://www.imdb.com/title/tt0405094/
Avengers: Infinity War,,8.4,"Action, Adventure, Sci-Fi",The Avengers and their allies must be willing to sacrifice all in an attempt to defeat the powerful Thanos before his blitz of devastation and ruin puts an end to the universe.,Anthony Russo,https://www.imdb.com/title/tt4154756/
Sunset Boulevard,,8.4,"Drama, Film-Noir",A screenwriter develops a dangerous relationship with a faded film star determined to make a triumphant return.,Billy Wilder,https://www.imdb.com/title/tt0043014/
Spider-Man: Into the Spider-Verse,,8.4,"Animation, Action, Adventure",Teen Miles Morales becomes the Spider-Man of his universe and must join with five spider-powered individuals from other dimensions to stop a threat for all realities.,Bob Persichetti,https://www.imdb.com/title/tt4633694/
Witness for the Prosecution,,8.4,"Crime, Drama, Mystery",A veteran British barrister must defend his client in a murder trial that has surprise after surprise.,Billy Wilder,https://www.imdb.com/title/tt0051201/
Paths of Glory,,8.4,"Drama, War",A colonel defends three of his soldiers in a court-martial after they abandon a suicidal attack.,Stanley Kubrick,https://www.imdb.com/title/tt0050825/
The Shining,,8.4,"Drama, Horror","A family heads to an isolated hotel for the winter, where a sinister presence influences the father into violence. At the same time, his psychic son sees horrifying forebodings from both the past and the future.",Stanley Kubrick,https://www.imdb.com/title/tt0081505/
The Great Dictator,,8.4,"Comedy, Drama, War",Dictator Adenoid Hynkel tries to expand his empire while a poor Jewish barber tries to avoid persecution from Hynkel&apos;s regime.,Charles Chaplin,https://www.imdb.com/title/tt0032553/
12th Fail,,8.8,"Biography, Drama",The real-life story of IPS Officer Manoj Kumar Sharma and IRS Officer Shraddha Joshi.,Vidhu Vinod Chopra,https://www.imdb.com/title/tt23849204/
Inglourious Basterds,,8.4,"Adventure, Drama, War","In Nazi-occupied France during World War II, a plan to assassinate Nazi leaders by a group of Jewish U.S. soldiers coincides with a theatre owner&apos;s vengeful plans for the same.",Quentin Tarantino,https://www.imdb.com/title/tt0361748/
Aliens,,8.4,"Action, Adventure, Horror","Decades after surviving the Nostromo incident, Ellen Ripley is sent out to re-establish contact with a terraforming colony but finds herself battling the Alien Queen and her offspring.",James Cameron,https://www.imdb.com/title/tt0090605/
The Dark Knight Rises,,8.4,"Action, Crime, Drama","Bane, an imposing terrorist, attacks Gotham City and disrupts its eight-year-long period of peace. This forces Bruce Wayne to come out of hiding and don the cape and cowl of Batman again.",Christopher Nolan,https://www.imdb.com/title/tt1345836/
Coco,,8.4,"Animation, Adventure, Drama","Aspiring musician Miguel, confronted with his family&apos;s ancestral ban on music, enters the Land of the Dead to find his great-great-grandfather, a legendary singer.",Lee Unkrich,https://www.imdb.com/title/tt2380307/
Amadeus,,8.4,"Biography, Drama, Music","The life, success and troubles of Wolfgang Amadeus Mozart, as told by Antonio Salieri, the contemporaneous composer who was deeply jealous of Mozart&apos;s talent and claimed to have murdered him.",Milos Forman,https://www.imdb.com/title/tt0086879/
Toy Story,,8.3,"Animation, Adventure, Comedy",A cowboy doll is profoundly threatened and jealous when a new spaceman action figure supplants him as top toy in a boy&apos;s bedroom.,John Lasseter,https://www.imdb.com/title/tt0114709/
Avengers: Endgame,2018,8.4,"Action, Adventure, Sci-Fi","After the devastating events of Avengers: Infinity War (2018), the universe is in ruins. With the help of remaining allies, the Avengers assemble once more in order to reverse Thanos&apos; actions and restore balance to the universe.",Anthony Russo,https://www.imdb.com/title/tt4154796/
Good Will Hunting,,8.3,"Drama, Romance","Will Hunting, a janitor at MIT, has a gift for mathematics, but needs help from a psychologist to find direction in his life.",Gus Van Sant,https://www.imdb.com/title/tt0119217/
Oldeuboi,,8.3,"Action, Drama, Mystery","After being kidnapped and imprisoned for fifteen years, Oh Dae-Su is released, only to find that he must track down his captor in five days.",Park Chan-wook,https://www.imdb.com/title/tt0364569/
Dr. Strangelove or: How I Learned to Stop Worrying and Love the Bomb,,8.3,"Comedy, War","A mentally unstable American general orders a hydrogen bomb attack on the Soviet Union, triggering a path to global nuclear holocaust that a war room full of politicians and generals frantically tries to stop.",Stanley Kubrick,https://www.imdb.com/title/tt0057012/
Das Boot,,8.4,"Drama, War",A German U-boat stalks the frigid waters of the North Atlantic as its young crew experience the sheer terror and claustrophobic life of a submariner in World War II.,Wolfgang Petersen,https://www.imdb.com/title/tt0082096/
Braveheart,,8.3,"Biography, Drama, War",Scottish warrior William Wallace leads his countrymen in a rebellion to free his homeland from the tyranny of King Edward I of England.,Mel Gibson,https://www.imdb.com/title/tt0112573/
American Beauty,,8.3,Drama,A sexually frustrated suburban father has a mid-life crisis after becoming infatuated with his daughter&apos;s best friend.,Sam Mendes,https://www.imdb.com/title/tt0169547/
Mononoke-hime,,8.3,"Animation, Adventure, Fantasy","While seeking to cure himself of a curse, young warrior Ashitaka stumbles into a conflict between the people of Iron Town and Princess Mononoke, a girl raised by wolves, who will stop at nothing to prevent the destruction of her h...",Hayao Miyazaki,https://www.imdb.com/title/tt0119698/
Kimi no na wa.,,8.4,"Animation, Drama, Fantasy","Two teenagers share a profound, magical connection upon discovering they are swapping bodies. Things manage to become even more complicated when the boy and girl decide to meet in person.",Makoto Shinkai,https://www.imdb.com/title/tt5311514/
Tengoku to jigoku,,8.4,"Crime, Drama, Mystery",An executive of a Yokohama shoe company becomes a victim of extortion when his chauffeur&apos;s son is kidnapped by mistake and held for ransom.,Akira Kurosawa,https://www.imdb.com/title/tt0057565/
3 Idiots,,8.4,"Comedy, Drama","Two friends are searching for their long lost companion. They revisit their college days and recall the memories of their friend who inspired them to think differently, even as the rest of the world called them &quot;idiots&quot;.",Rajkumar Hirani,https://www.imdb.com/title/tt1187043/
Joker,,8.3,"Crime, Drama, Thriller","Arthur Fleck, a party clown and a failed stand-up comedian, leads an impoverished life with his ailing mother. However, when society shuns him and brands him as a freak, he decides to embrace the life of chaos in Gotham City.",Todd Phillips,https://www.imdb.com/title/tt7286456/
Once Upon a Time in America,,8.3,"Crime, Drama","A former Prohibition-era Jewish gangster returns to the Lower East Side of Manhattan 35 years later, where he must once again confront the ghosts and regrets of his old life.",Sergio Leone,https://www.imdb.com/title/tt0087843/
Capharnaüm,,8.4,Drama,"While serving a five-year sentence for a violent crime, a 12-year-old boy sues his parents for neglect.",Nadine Labaki,https://www.imdb.com/title/tt8267604/
Singin&apos; in the Rain,,8.3,"Comedy, Musical, Romance",A silent film star falls for a chorus girl just as he and his delusionally jealous screen partner are trying to make the difficult transition to talking pictures in 1920s Hollywood.,Stanley Donen,https://www.imdb.com/title/tt0045152/
Hababam Sinifi: Sinifta Kaldi,,8.7,Comedy,A young and beautiful female teacher starts working in an all boys high school.,Ertem Egilmez,https://www.imdb.com/title/tt0252488/
Idi i smotri,,8.3,"Drama, Thriller, War","After finding an old rifle, a young boy joins the Soviet resistance movement against ruthless German forces and experiences the horrors of World War II.",Elem Klimov,https://www.imdb.com/title/tt0091251/
Requiem for a Dream,,8.3,Drama,The drug-induced utopias of four Coney Island people are shattered when their addictions run deep.,Darren Aronofsky,https://www.imdb.com/title/tt0180093/
Star Wars: Episode VI - Return of the Jedi,,8.3,"Action, Adventure, Fantasy","After rescuing Han Solo from Jabba the Hutt, the Rebel Alliance attempts to destroy the second Death Star while Luke struggles to help Darth Vader back from the dark side.",Richard Marquand,https://www.imdb.com/title/tt0086190/
Toy Story 3,,8.3,"Animation, Adventure, Comedy","The toys are mistakenly delivered to a day-care center instead of the attic right before Andy leaves for college, and it&apos;s up to Woody to convince the other toys that they weren&apos;t abandoned and to return home.",Lee Unkrich,https://www.imdb.com/title/tt0435761/
Jagten,,8.3,Drama,"A teacher lives a lonely life, all the while struggling over his son&apos;s custody. His life slowly gets better as he finds love and receives good news from his son, but his new luck is about to be brutally shattered by an innocent li...",Thomas Vinterberg,https://www.imdb.com/title/tt2106476/
Ikiru,,8.3,Drama,A bureaucrat tries to find meaning in his life after he discovers he has terminal cancer.,Akira Kurosawa,https://www.imdb.com/title/tt0044741/
Eternal Sunshine of the Spotless Mind,,8.3,"Drama, Romance, Sci-Fi","When their relationship turns sour, a couple undergoes a medical procedure to have each other erased from their memories forever.",Michel Gondry,https://www.imdb.com/title/tt0338013/
2001: A Space Odyssey,,8.3,"Adventure, Sci-Fi","When a mysterious artifact is uncovered on the Moon, a spacecraft manned by two humans and one supercomputer is sent to Jupiter to find its origins.",Stanley Kubrick,https://www.imdb.com/title/tt0062622/
Reservoir Dogs,,8.3,"Crime, Thriller","When a simple jewelry heist goes horribly wrong, the surviving criminals begin to suspect that one of them is a police informant.",Quentin Tarantino,https://www.imdb.com/title/tt0105236/
The Apartment,,8.3,"Comedy, Drama, Romance","A Manhattan insurance clerk tries to rise in his company by letting its executives use his apartment for trysts, but office politics and his own romantic hopes complicate matters.",Billy Wilder,https://www.imdb.com/title/tt0053604/
Incendies,,8.3,"Drama, Mystery, War",Twins journey to the Middle East to discover their family history and fulfill their mother&apos;s last wishes.,Denis Villeneuve,https://www.imdb.com/title/tt1255953/
Lawrence of Arabia,,8.3,"Adventure, Biography, Drama","The story of T.E. Lawrence, the English officer who successfully united and led the diverse, often warring, Arab tribes during World War I in order to fight the Turks.",David Lean,https://www.imdb.com/title/tt0056172/
Scarface,,8.3,"Crime, Drama","In the 1980s, a determined criminal-minded Cuban immigrant becomes the biggest drug smuggler in Miami, and is eventually undone by his own drug addiction.",Brian De Palma,https://www.imdb.com/title/tt0086250/
Double Indemnity,,8.3,"Crime, Drama, Film-Noir","An insurance representative is seduced by a dissatisfied housewife into a scheme of insurance fraud and murder that arouses the suspicion of his colleague, a claims investigator.",Billy Wilder,https://www.imdb.com/title/tt0036775/
Heat,,8.3,"Action, Crime, Drama",A group of high-end professional thieves start to feel the heat from the LAPD when they unknowingly leave a verbal clue at their latest heist.,Michael Mann,https://www.imdb.com/title/tt0113277/
North by Northwest,,8.3,"Adventure, Drama, Mystery","A New York City advertising executive goes on the run after being mistaken for a government agent by a group of foreign spies, and falls for a woman whose loyalties he begins to doubt.",Alfred Hitchcock,https://www.imdb.com/title/tt0053125/
Up,,8.3,"Animation, Adventure, Comedy","78-year-old Carl Fredricksen travels to South America in his house equipped with balloons, inadvertently taking a young stowaway.",Pete Docter,https://www.imdb.com/title/tt1049413/
Citizen Kane,,8.3,"Drama, Mystery","Following the death of publishing tycoon Charles Foster Kane, reporters scramble to uncover the meaning of his final utterance: &apos;Rosebud.&apos;",Orson Welles,https://www.imdb.com/title/tt0033467/
M - Eine Stadt sucht einen Mörder,,8.3,"Crime, Mystery, Thriller","When the police in a German city are unable to catch a child-murderer, other criminals join in the manhunt.",Fritz Lang,https://www.imdb.com/title/tt0022100/
Full Metal Jacket,,8.2,"Drama, War",A pragmatic U.S. Marine observes the dehumanizing effects the Vietnam War has on his fellow recruits from their brutal boot camp training to the bloody street fighting in Hue.,Stanley Kubrick,https://www.imdb.com/title/tt0093058/
Vertigo,,8.2,"Mystery, Romance, Thriller","A former San Francisco police detective juggles wrestling with his personal demons and becoming obsessed with the hauntingly beautiful woman he has been hired to trail, who may be deeply disturbed.",Alfred Hitchcock,https://www.imdb.com/title/tt0052357/
Le fabuleux destin d&apos;Amélie Poulain,,8.3,"Comedy, Romance","Despite being caught in her imaginative world, young waitress Amelie decides to help people find happiness. Her quest to spread joy leads her on a journey during which she finds true love.",Jean-Pierre Jeunet,https://www.imdb.com/title/tt0211915/
Jodaeiye Nader az Simin,,8.3,Drama,A married couple are faced with a difficult decision - to improve the life of their child by moving to another country or to stay in Iran and look after a deteriorating parent who has Alzheimer&apos;s disease.,Asghar Farhadi,https://www.imdb.com/title/tt1832382/
To Kill a Mockingbird,,8.3,"Crime, Drama",A widowed lawyer in Depression-era Alabama defends a black man against a false rape charge while teaching his young children about the sad reality of prejudice.,Robert Mulligan,https://www.imdb.com/title/tt0056592/
A Clockwork Orange,,8.2,"Crime, Sci-Fi",Alex DeLarge and his droogs barbarize a decaying near-future.,Stanley Kubrick,https://www.imdb.com/title/tt0066921/
Taare Zameen Par,,8.3,"Drama, Family",A young boy is thought to be nothing but a lazy troublemaker until the new art teacher has the patience and compassion to discover the real problem behind his struggles in school.,Aamir Khan,https://www.imdb.com/title/tt0986264/
Die Hard,,8.2,"Action, Thriller",A New York City police officer tries to save his estranged wife and several others taken hostage by terrorists during a Christmas party at the Nakatomi Plaza in Los Angeles.,John McTiernan,https://www.imdb.com/title/tt0095016/
Indiana Jones and the Last Crusade,,8.2,"Action, Adventure","In 1938, after his father goes missing while pursuing the Holy Grail, Indiana Jones finds himself up against the Nazis again to stop them from obtaining its powers.",Steven Spielberg,https://www.imdb.com/title/tt0097576/
The Sting,,8.2,"Comedy, Crime, Drama",Two grifters team up to pull off the ultimate con.,George Roy Hill,https://www.imdb.com/title/tt0070735/
Oppenheimer,,8.3,"Biography, Drama, History","A dramatization of the life story of J. Robert Oppenheimer, the physicist who had a large hand in the development of the atomic bombs that brought an end to World War II.",Christopher Nolan,https://www.imdb.com/title/tt15398776/
Metropolis,,8.3,"Drama, Sci-Fi","In a futuristic city sharply divided between the working class and the city planners, the son of the city&apos;s mastermind falls in love with a working-class prophet who predicts the coming of a savior to mediate their differences.",Fritz Lang,https://www.imdb.com/title/tt0017136/
Snatch,,8.2,"Comedy, Crime","Unscrupulous boxing promoters, violent bookmakers, a Russian gangster, incompetent amateur robbers and supposedly Jewish jewelers fight to track down a priceless stolen diamond.",Guy Ritchie,https://www.imdb.com/title/tt0208092/
1917,,8.2,"Action, Drama, War","April 6th, 1917. As an infantry battalion assembles to wage war deep in enemy territory, two soldiers are assigned to race against time and deliver a message that will stop 1,600 men from walking straight into a deadly trap.",Sam Mendes,https://www.imdb.com/title/tt8579674/
L.A. Confidential,,8.2,"Crime, Drama, Mystery","As corruption grows in 1950s Los Angeles, three policemen - one strait-laced, one brutal, and one sleazy - investigate a series of murders with their own brand of justice.",Curtis Hanson,https://www.imdb.com/title/tt0119488/
Ladri di biciclette,,8.2,Drama,"In post-war Italy, a working-class man&apos;s bicycle is stolen, endangering his efforts to find work. He and his son set out to find it.",Vittorio De Sica,https://www.imdb.com/title/tt0040522/
Der Untergang,,8.2,"Biography, Drama, History","Traudl Junge, the final secretary for Adolf Hitler, tells of the Nazi dictator&apos;s final days in his Berlin bunker at the end of WWII.",Oliver Hirschbiegel,https://www.imdb.com/title/tt0363163/
Dangal,,8.3,"Action, Biography, Drama","Mahavir Singh Phogat, a former wrestler, decides to fulfill his dream of winning a gold medal for his country by training his daughters for the Commonwealth Games despite the existing social stigmas.",Nitesh Tiwari,https://www.imdb.com/title/tt5074352/
The Wolf of Wall Street,,8.2,"Biography, Comedy, Crime","Based on the true story of Jordan Belfort, from his rise to a wealthy stock-broker living the high life to his fall involving crime, corruption and the federal government.",Martin Scorsese,https://www.imdb.com/title/tt0993846/
Hamilton,,8.3,"Biography, Drama, History","The real life of one of America&apos;s foremost founding fathers and first Secretary of the Treasury, Alexander Hamilton. Captured live on Broadway from the Richard Rodgers Theater with the original Broadway cast.",Thomas Kail,https://www.imdb.com/title/tt8503618/
Taxi Driver,,8.2,"Crime, Drama","A mentally unstable veteran works as a nighttime taxi driver in New York City, where the perceived decadence and sleaze fuels his urge for violent action.",Martin Scorsese,https://www.imdb.com/title/tt0075314/
Green Book,,8.2,"Biography, Comedy, Drama",A working-class Italian-American bouncer becomes the driver for an African-American classical pianist on a tour of venues through the 1960s American South.,Peter Farrelly,https://www.imdb.com/title/tt6966692/
Batman Begins,,8.2,"Action, Crime, Drama","After witnessing his parents&apos; death, billionaire Bruce Wayne learns the art of fighting to confront injustice. When he returns to Gotham as Batman, he must stop a secret society that intends to destroy the city.",Christopher Nolan,https://www.imdb.com/title/tt0372784/
Per qualche dollaro in più,,8.2,"Drama, Western",Two bounty killers with similar intentions but different motivations team up to track down a psychotic Mexican outlaw before he and his gang can carry out an audacious bank robbery.,Sergio Leone,https://www.imdb.com/title/tt0059578/
The Truman Show,,8.2,"Comedy, Drama",An insurance salesman begins to suspect that his whole life is actually some sort of reality TV show.,Peter Weir,https://www.imdb.com/title/tt0120382/
Judgment at Nuremberg,,8.3,"Drama, War","Fictionalized depiction of the 1947 Judges&apos; Trial, the third of 12 trials of Nazi war criminals conducted by the American occupying forces in Nuremberg, Germany, in which former judges of Nazi Germany were tried for their actions.",Stanley Kramer,https://www.imdb.com/title/tt0055031/
Some Like It Hot,,8.2,"Comedy, Music, Romance","After two male musicians witness a mob hit, they flee the state in an all-female band disguised as women, but further complications set in.",Billy Wilder,https://www.imdb.com/title/tt0053291/
Shutter Island,,8.2,"Drama, Mystery, Thriller",Two US marshals are sent to a mental institution on an inhospitable island in order to investigate the disappearance of a patient.,Martin Scorsese,https://www.imdb.com/title/tt1130884/
The Kid,,8.2,"Comedy, Drama, Family","The Tramp cares for an abandoned child, but events put their relationship in jeopardy.",Charles Chaplin,https://www.imdb.com/title/tt0012349/
The Father,,8.2,"Drama, Mystery","A man refuses all assistance from his daughter as he ages. When he tries to understand what is happening around him, he begins to doubt his loved ones, his own mind and even the fabric of his reality.",Florian Zeller,https://www.imdb.com/title/tt10272386/
All About Eve,,8.2,Drama,A seemingly timid but secretly ruthless ingénue insinuates herself into the lives of an aging Broadway star and her circle of theater friends.,Joseph L. Mankiewicz,https://www.imdb.com/title/tt0042192/
Jurassic Park,,8.2,"Action, Adventure, Sci-Fi","An industrialist invites some experts to visit his theme park of cloned dinosaurs. After a power failure, the creatures run loose, putting everyone&apos;s lives, including his grandchildren&apos;s, in danger.",Steven Spielberg,https://www.imdb.com/title/tt0107290/
There Will Be Blood,,8.2,Drama,"A story of family, religion, hatred, oil and madness, focusing on a turn-of-the-century prospector in the early days of the business.",Paul Thomas Anderson,https://www.imdb.com/title/tt0469494/
The Sixth Sense,,8.2,"Drama, Mystery, Thriller","After being shot by a resentful former patient whom he failed to help, a Philadelphia child psychologist seeks redemption by treating a young boy with a disturbing secret.",M. Night Shyamalan,https://www.imdb.com/title/tt0167404/
Casino,,8.2,"Crime, Drama","In Las Vegas, two best friends--a casino executive and a Mafia enforcer--compete for a gambling empire and a fast-living, fast-loving socialite.",Martin Scorsese,https://www.imdb.com/title/tt0112641/
Ran,,8.2,"Action, Drama, War","In Medieval Japan, an elderly warlord retires, handing over his empire to his three sons. However, he vastly underestimates how the new-found power will corrupt them and cause them to turn on each other...and him.",Akira Kurosawa,https://www.imdb.com/title/tt0089881/
Top Gun: Maverick,,8.2,"Action, Drama","The story involves Maverick confronting his past while training a group of younger Top Gun graduates, including the son of his deceased best friend, for a dangerous mission.",Joseph Kosinski,https://www.imdb.com/title/tt1745960/
No Country for Old Men,,8.2,"Crime, Drama, Thriller",Violence and mayhem ensue after a hunter stumbles upon the aftermath of a drug deal gone wrong and over two million dollars in cash near the Rio Grande.,Ethan Coen,https://www.imdb.com/title/tt0477348/
The Thing,,8.2,"Horror, Mystery, Sci-Fi",A research team in Antarctica is hunted by a shape-shifting alien that assumes the appearance of its victims.,John Carpenter,https://www.imdb.com/title/tt0084787/
El laberinto del fauno,,8.2,"Drama, Fantasy, War","In 1944 Spain, a girl is sent to live with her ruthless stepfather. During the night, she meets a fairy who takes her to an old faun. He tells her she&apos;s a princess, but must prove her royalty by surviving three gruesome tasks.",Guillermo del Toro,https://www.imdb.com/title/tt0457430/
Unforgiven,,8.2,"Drama, Western",Retired Old West gunslinger Will Munny reluctantly takes on one last job to avenge an injustice with the help of his old partner and a newer outlaw known simply as The Schofield Kid.,Clint Eastwood,https://www.imdb.com/title/tt0105695/
A Beautiful Mind,,8.2,"Biography, Drama, Mystery","A mathematical genius, John Nash made an astonishing discovery early in his career and stood on the brink of international acclaim. But the handsome and arrogant Nash soon found himself on a harrowing journey of self-discovery.",Ron Howard,https://www.imdb.com/title/tt0268978/
Kill Bill: Vol. 1,,8.2,"Action, Crime, Thriller","After waking from a four-year coma, a former assassin wreaks vengeance on the team of assassins who betrayed her.",Quentin Tarantino,https://www.imdb.com/title/tt0266697/
The Treasure of the Sierra Madre,,8.2,"Adventure, Drama, Western",Two down-on-their-luck Americans searching for work in 1920s Mexico convince an old prospector to help them mine for gold in the Sierra Madre Mountains.,John Huston,https://www.imdb.com/title/tt0040897/
Prisoners,,8.2,"Crime, Drama, Mystery",A desperate father takes the law into his own hands after police fail to find two kidnapped girls.,Denis Villeneuve,https://www.imdb.com/title/tt1392214/
Yôjinbô,,8.2,"Action, Drama, Thriller",A crafty ronin comes to a town divided by two criminal gangs and decides to play them against each other to free the town.,Akira Kurosawa,https://www.imdb.com/title/tt0055630/
Finding Nemo,,8.2,"Animation, Adventure, Comedy","After his son is captured in the Great Barrier Reef and taken to Sydney, a timid clownfish sets out on a journey to bring him home.",Andrew Stanton,https://www.imdb.com/title/tt0266543/
Hauru no ugoku shiro,,8.2,"Animation, Adventure, Family","When an unconfident young woman is cursed with an old body by a spiteful witch, her only chance of breaking the spell lies with a self-indulgent yet insecure young wizard and his companions in his legged, walking castle.",Hayao Miyazaki,https://www.imdb.com/title/tt0347149/
The Great Escape,,8.2,"Adventure, Drama, Thriller","Allied officers in a German prisoner of war camp during World War II making a daring plan for a mass escape by hundreds of their men, hoping to draw German personnel and resources away from combat operations.",John Sturges,https://www.imdb.com/title/tt0057115/
Monty Python and the Holy Grail,,8.2,"Adventure, Comedy, Fantasy","King Arthur and his Knights of the Round Table embark on a surreal, low-budget search for the Holy Grail, encountering many, very silly obstacles.",Terry Gilliam,https://www.imdb.com/title/tt0071853/
The Elephant Man,,8.2,"Biography, Drama","A Victorian surgeon rescues a heavily disfigured man who is mistreated while scraping a living as a side-show freak. Behind his monstrous façade, there is revealed a person of kindness, intelligence and sophistication.",David Lynch,https://www.imdb.com/title/tt0080678/
Dial M for Murder,,8.2,"Crime, Drama, Mystery","A London playboy plots the perfect murder of his rich, unfaithful Wife.",Alfred Hitchcock,https://www.imdb.com/title/tt0046912/
Klaus,,8.2,"Animation, Adventure, Comedy","A simple act of kindness always sparks another, even in a frozen, faraway place. When Smeerensburg&apos;s new postman, Jesper, befriends toymaker Klaus, their gifts melt an age-old feud and deliver a sleigh full of holiday traditions.",Sergio Pablos,https://www.imdb.com/title/tt4729430/
Gone with the Wind,,8.2,"Drama, Romance, War",A sheltered and manipulative Southern belle and a roguish profiteer face off in a turbulent romance as the society around them crumbles with the end of slavery and is rebuilt during the Civil War and Reconstruction periods.,Victor Fleming,https://www.imdb.com/title/tt0031381/
Rashômon,,8.2,"Crime, Drama, Mystery","The rape of a bride and the murder of her samurai husband are recalled from the perspectives of a bandit, the bride, the samurai&apos;s ghost and a woodcutter.",Akira Kurosawa,https://www.imdb.com/title/tt0042876/
Chinatown,,8.1,"Drama, Mystery, Thriller","A private detective hired to expose an adulterer in 1930s Los Angeles finds himself caught up in a web of deceit, corruption, and murder.",Roman Polanski,https://www.imdb.com/title/tt0071315/
El secreto de sus ojos,,8.2,"Drama, Mystery, Romance",A retired legal counselor writes a novel hoping to find closure for one of his past unresolved homicide cases and for his unreciprocated love with his superior - both of which still haunt him decades later.,Juan José Campanella,https://www.imdb.com/title/tt1305806/
"Lock, Stock and Two Smoking Barrels",,8.1,"Comedy, Crime","When four small-time criminals lose a rigged poker game against a London kingpin, he gives them one week to settle their enormous debt.",Guy Ritchie,https://www.imdb.com/title/tt0120735/
V for Vendetta,,8.1,"Action, Drama, Sci-Fi","In a future British dystopian society, a shadowy freedom fighter, known only by the alias of &quot;V&quot;, plots to overthrow the tyrannical government - with the help of a young woman.",James McTeigue,https://www.imdb.com/title/tt0434409/
Inside Out,,8.1,"Animation, Adventure, Comedy","After young Riley is uprooted from her Midwest life and moved to San Francisco, her emotions - Joy, Fear, Anger, Disgust and Sadness - conflict on how best to navigate a new city, house, and school.",Pete Docter,https://www.imdb.com/title/tt2096673/
"Three Billboards Outside Ebbing, Missouri",,8.1,"Comedy, Crime, Drama",A mother personally challenges the local authorities to solve her daughter&apos;s murder when they fail to catch the culprit.,Martin McDonagh,https://www.imdb.com/title/tt5027774/
The Bridge on the River Kwai,,8.1,"Adventure, Drama, War","British POWs are forced to build a railway bridge across the river Kwai for their Japanese captors in occupied Burma, not knowing that the allied forces are planning a daring commando raid through the jungle to destroy it.",David Lean,https://www.imdb.com/title/tt0050212/
Trainspotting,,8.1,Drama,"Renton, deeply immersed in the Edinburgh drug scene, tries to clean up and get out despite the allure of drugs and the influence of friends.",Danny Boyle,https://www.imdb.com/title/tt0117951/
Catch Me If You Can,,8.1,"Biography, Crime, Drama","Barely 17 yet, Frank is a skilled forger who has passed as a doctor, lawyer and pilot. FBI agent Carl becomes obsessed with tracking down the con man, who only revels in the pursuit.",Steven Spielberg,https://www.imdb.com/title/tt0264464/
Raging Bull,,8.1,"Biography, Drama, Sport","The life of boxer Jake LaMotta, whose violence and temper that led him to the top in the ring destroyed his life outside of it.",Martin Scorsese,https://www.imdb.com/title/tt0081398/
The Wild Robot,,8.2,"Animation, Sci-Fi","After a shipwreck, an intelligent robot called Roz is stranded on an uninhabited island. To survive the harsh environment, Roz bonds with the island&apos;s animals and cares for an orphaned baby goose.",Chris Sanders,https://www.imdb.com/title/tt29623480/
Fargo,,8.1,"Crime, Drama, Thriller",Minnesota car salesman Jerry Lundegaard&apos;s inept crime falls apart due to his and his henchmen&apos;s bungling and the persistent police work of the quite pregnant Marge Gunderson.,Joel Coen,https://www.imdb.com/title/tt0116282/
Warrior,,8.1,"Action, Drama, Sport","The youngest son of an alcoholic former boxer returns home, where he&apos;s trained by his father for competition in a mixed martial arts tournament - a path that puts the fighter on a collision course with his estranged, older brother.",Gavin O'Connor,https://www.imdb.com/title/tt1291584/
Harry Potter and the Deathly Hallows - Part 2,,8.1,"Adventure, Family, Fantasy","As the battle between the forces of good and evil in the wizarding world escalates, Harry Potter draws ever closer to his final confrontation with Voldemort.",David Yates,https://www.imdb.com/title/tt1201607/
Gran Torino,,8.1,Drama,"After a Hmong teenager tries to steal his prized 1972 Gran Torino, a disgruntled, prejudiced Korean War veteran seeks to redeem both the boy and himself.",Clint Eastwood,https://www.imdb.com/title/tt1205489/
Million Dollar Baby,,8.1,"Drama, Sport","Frankie, an ill-tempered old coach, reluctantly agrees to train aspiring boxer Maggie. Impressed with her determination and talent, he helps her become the best and the two soon form a close bond.",Clint Eastwood,https://www.imdb.com/title/tt0405159/
Ben-Hur,,8.1,"Adventure, Drama","A Jewish prince is betrayed and sent into slavery by a Roman friend in 1st-century Jerusalem, but it&apos;s not long before he regains his freedom and comes back for revenge.",William Wyler,https://www.imdb.com/title/tt0052618/
Mad Max: Fury Road,,8.1,"Action, Adventure, Sci-Fi","In a post-apocalyptic wasteland, a woman rebels against a tyrannical ruler in search for her homeland with the aid of a group of female prisoners, a psychotic worshipper and a drifter named Max.",George Miller,https://www.imdb.com/title/tt1392190/
Tonari no Totoro,,8.1,"Animation, Comedy, Family","When two girls move to the country to be near their ailing mother, they have adventures with the wondrous forest spirits who live nearby.",Hayao Miyazaki,https://www.imdb.com/title/tt0096283/
Spider-Man: No Way Home,,8.2,"Action, Adventure, Fantasy","With Spider-Man&apos;s identity now revealed, Peter asks Doctor Strange for help. When a spell goes wrong, dangerous foes from other worlds start to appear.",Jon Watts,https://www.imdb.com/title/tt10872600/
Barry Lyndon,,8.1,"Adventure, Drama, War",An Irish rogue wins the heart of a rich widow and assumes her dead husband&apos;s aristocratic position in 18th-century England.,Stanley Kubrick,https://www.imdb.com/title/tt0072684/
Dead Poets Society,,8.1,"Comedy, Drama","Maverick teacher John Keating returns in 1959 to the prestigious New England boys&apos; boarding school where he was once a star student, using poetry to embolden his pupils to new heights of self-expression.",Peter Weir,https://www.imdb.com/title/tt0097165/
Bacheha-ye aseman,,8.2,"Drama, Family, Sport","After a boy loses his sister&apos;s pair of shoes, he goes on a series of adventures in order to find them. When he can&apos;t, he tries a new way to &quot;win&quot; a new pair.",Majid Majidi,https://www.imdb.com/title/tt0118849/
12 Years a Slave,,8.1,"Biography, Drama, History","In the antebellum United States, Solomon Northup, a free black man from upstate New York, is abducted and sold into slavery.",Steve McQueen,https://www.imdb.com/title/tt2024544/
Before Sunrise,,8.1,"Comedy, Drama, Romance","A young man and woman meet on a train in Europe, and wind up spending one evening together in Vienna. Unfortunately, both know that this will probably be their only night together.",Richard Linklater,https://www.imdb.com/title/tt0112471/
The Grand Budapest Hotel,,8.1,"Comedy, Drama","A writer encounters the owner of an aging high-class hotel, who tells him of his early years serving as a lobby boy in the hotel&apos;s glorious years under an exceptional concierge.",Wes Anderson,https://www.imdb.com/title/tt2278388/
Hacksaw Ridge,,8.1,"Biography, Drama, History","World War II American Army Medic Desmond T. Doss, serving during the Battle of Okinawa, refuses to kill people and becomes the first man in American history to receive the Medal of Honor without firing a shot.",Mel Gibson,https://www.imdb.com/title/tt2119532/
Blade Runner,,8.1,"Action, Drama, Sci-Fi",A blade runner must pursue and terminate four replicants who stole a ship in space and have returned to Earth to find their creator.,Ridley Scott,https://www.imdb.com/title/tt0083658/
Gone Girl,,8.1,"Drama, Mystery, Thriller",The husband of a missing woman becomes the chief suspect in her disappearance.,David Fincher,https://www.imdb.com/title/tt2267998/
Salinui chueok,,8.1,"Crime, Drama, Mystery","In a small Korean province in 1986, two detectives struggle with the case of multiple young women being found raped and murdered by an unknown culprit.",Bong Joon Ho,https://www.imdb.com/title/tt0353969/
Ratatouille,,8.1,"Animation, Adventure, Comedy",A rat who can cook makes an unusual alliance with a young kitchen worker at a famous Paris restaurant.,Brad Bird,https://www.imdb.com/title/tt0382932/
"Monsters, Inc.",,8.1,"Animation, Adventure, Comedy","In order to power the city, monsters have to scare children so that they scream. However, the children are toxic to the monsters, and after a child gets through, two monsters realize things may not be what they think.",Pete Docter,https://www.imdb.com/title/tt0198781/
In the Name of the Father,,8.1,"Biography, Crime, Drama","An Irish man&apos;s coerced confession to an I.R.A. bombing he did not commit results in the imprisonment of his father as well. Meanwhile, a British lawyer fights to clear their names and free them.",Jim Sheridan,https://www.imdb.com/title/tt0107207/
How to Train Your Dragon,,8.1,"Animation, Action, Adventure","A hapless young Viking who aspires to hunt dragons becomes the unlikely friend of a young dragon himself, and learns there may be more to the creatures than he assumed.",Dean DeBlois,https://www.imdb.com/title/tt0892769/
Relatos salvajes,,8.1,"Comedy, Drama, Thriller",Six short stories that explore the extremities of human behavior involving people in distress.,Damián Szifron,https://www.imdb.com/title/tt3011894/
The Gold Rush,,8.1,"Adventure, Comedy, Drama","A prospector goes to the Klondike during the 1890s gold rush in hopes of making his fortune, and is smitten with a girl he sees in a dance hall.",Charles Chaplin,https://www.imdb.com/title/tt0015864/
Jaws,,8.1,"Adventure, Drama, Horror","When a massive killer shark unleashes chaos on a beach community off Long Island, it&apos;s up to a local sheriff, a marine biologist, and an old seafarer to hunt the beast down.",Steven Spielberg,https://www.imdb.com/title/tt0073195/
Sherlock Jr.,,8.2,"Action, Comedy, Romance","A film projectionist longs to be a detective, and puts his meagre skills to work when he is framed by a rival for stealing his girlfriend&apos;s father&apos;s pocketwatch.",Buster Keaton,https://www.imdb.com/title/tt0015324/
Mary and Max.,,8.1,"Animation, Comedy, Drama","In 1976 Melbourne, a lonely 8-year-old girl strikes up a correspondence with an unlikely pen pal: a severely obese 44-year-old New Yorker with Asperger&apos;s syndrome.",Adam Elliot,https://www.imdb.com/title/tt0978762/
The Deer Hunter,,8.1,"Drama, War",An in-depth examination of the ways in which the Vietnam War impacts and disrupts the lives of several friends in a small steel mill town in Pennsylvania.,Michael Cimino,https://www.imdb.com/title/tt0077416/
Ford v Ferrari,,8.1,"Action, Biography, Drama",American car designer Carroll Shelby and driver Ken Miles battle corporate interference and the laws of physics to build a revolutionary race car for Ford in order to defeat Ferrari at the 24 Hours of Le Mans in 1966.,James Mangold,https://www.imdb.com/title/tt1950186/
The General,,8.1,"Action, Adventure, Comedy","After being rejected by the Confederate military, not realizing it was due to his crucial civilian role, an engineer must single-handedly recapture his beloved locomotive after it is seized by Union spies and return it through ene...",Clyde Bruckman,https://www.imdb.com/title/tt0017925/
Le salaire de la peur,,8.1,"Adventure, Drama, Thriller","In a decrepit South American village, four men are hired to transport an urgent nitroglycerine shipment without the equipment that would make it safe.",Henri-Georges Clouzot,https://www.imdb.com/title/tt0046268/
Mr. Smith Goes to Washington,,8.1,"Comedy, Drama","A naive youth leader is appointed to fill a vacancy in the U.S. Senate. His idealistic plans promptly collide with corruption at home and subterfuge from his hero in Washington, but he tries to forge ahead despite attacks on his c...",Frank Capra,https://www.imdb.com/title/tt0031679/
On the Waterfront,,8.1,"Crime, Drama, Thriller","An ex-prize fighter turned New Jersey longshoreman struggles to stand up to his corrupt union bosses, including his older brother, as he starts to connect with the grieving sister of one of the syndicate&apos;s victims.",Elia Kazan,https://www.imdb.com/title/tt0047296/
Smultronstället,,8.1,"Drama, Romance","After living a life marked by coldness, an aging professor is forced to confront the emptiness of his existence.",Ingmar Bergman,https://www.imdb.com/title/tt0050986/
Logan,,8.1,"Action, Drama, Sci-Fi","In a future where mutants are nearly extinct, an elderly and weary Logan leads a quiet life. But when Laura, a mutant child pursued by scientists, comes to him for help, he must get her to safety.",James Mangold,https://www.imdb.com/title/tt3315342/
Rocky,,8.1,"Drama, Sport",A small-time Philadelphia boxer gets a supremely rare chance to fight the world heavyweight champion in a bout in which he strives to go the distance for his self-respect.,John G. Avildsen,https://www.imdb.com/title/tt0075148/
The Third Man,,8.1,"Drama, Film-Noir, Mystery","Pulp novelist Holly Martins travels to shadowy, postwar Vienna, only to find himself investigating the mysterious death of an old friend, Harry Lime.",Carol Reed,https://www.imdb.com/title/tt0041959/
Tôkyô monogatari,,8.1,Drama,"An old couple visit their children and grandchildren in the city, but receive little attention.",Yasujirô Ozu,https://www.imdb.com/title/tt0046438/
Spotlight,,8.1,"Biography, Crime, Drama","The true story of how the Boston Globe uncovered the massive scandal of child molestation and cover-up within the local Catholic Archdiocese, shaking the entire Catholic Church to its core.",Tom McCarthy,https://www.imdb.com/title/tt1895587/
Ainda Estou Aqui,,8.3,"Biography, Drama, History",A woman married to a former politician during the military dictatorship in Brazil is forced to reinvent herself and chart a new course for her family after a violent and arbitrary act.,Walter Salles,https://www.imdb.com/title/tt14961016/
The Big Lebowski,,8.1,"Comedy, Crime","Jeff &quot;The Dude&quot; Lebowski, mistaken for a millionaire of the same name, seeks restitution for his ruined rug and enlists his bowling buddies to help get it.",Joel Coen,https://www.imdb.com/title/tt0118715/
Maharaja,,8.4,"Action, Crime, Drama","A barber seeks vengeance after his home is burglarized, cryptically telling police his &quot;lakshmi&quot; has been taken, leaving them uncertain if it&apos;s a person or object. His quest to recover the elusive &quot;lakshmi&quot; unfolds.",Nithilan Saminathan,https://www.imdb.com/title/tt26548265/
The Terminator,,8.1,"Action, Adventure, Sci-Fi",A cyborg assassin from the future attempts to find and kill a young woman who is destined to give birth to a warrior that will lead a resistance to save humankind from extinction.,James Cameron,https://www.imdb.com/title/tt0088247/
Det sjunde inseglet,,8.1,"Drama, Fantasy","A knight returning to Sweden after the Crusades seeks answers about life, death, and the existence of God as he plays chess against the Grim Reaper during the Black Plague.",Ingmar Bergman,https://www.imdb.com/title/tt0050976/
Pirates of the Caribbean: The Curse of the Black Pearl,,8.1,"Action, Adventure, Fantasy","Blacksmith Will Turner teams up with eccentric pirate &quot;Captain&quot; Jack Sparrow to save Elizabeth Swann, the governor&apos;s daughter and his love, from Jack&apos;s former pirate allies, who are now undead.",Gore Verbinski,https://www.imdb.com/title/tt0325980/
Room,,8.1,"Drama, Thriller","A little boy is held captive in a room with his mother since his birth, so he has never known the world outside.",Lenny Abrahamson,https://www.imdb.com/title/tt3170832/
La haine,,8.1,"Crime, Drama",24 hours in the lives of three young men in the French suburbs the day after a violent riot.,Mathieu Kassovitz,https://www.imdb.com/title/tt0113247/
Jai Bhim,,8.7,"Crime, Drama","When a tribal man is arrested for a case of alleged theft, his wife turns to a human-rights lawyer to help bring justice.",T.J. Gnanavel,https://www.imdb.com/title/tt15097216/
Hotel Rwanda,,8.1,"Biography, Drama, History","Paul Rusesabagina, a hotel manager, houses over a thousand Tutsi refugees during their struggle against the Hutu militia in Rwanda, Africa.",Terry George,https://www.imdb.com/title/tt0395169/
Platoon,,8.1,"Drama, War","Chris Taylor, a neophyte recruit in Vietnam, finds himself caught in a battle of wills between two sergeants, one good and the other evil. A shrewd examination of the brutality of war and the duality of man in conflict.",Oliver Stone,https://www.imdb.com/title/tt0091763/
The Best Years of Our Lives,,8.1,"Drama, Romance, War","Three World War II veterans, two of them traumatized or disabled, return home to the American midwest to discover that they and their families have been irreparably changed.",William Wyler,https://www.imdb.com/title/tt0036868/
Before Sunset,,8.1,"Drama, Romance","Nine years after Jesse and Celine first met, they encounter each other again on the French leg of Jesse&apos;s book tour.",Richard Linklater,https://www.imdb.com/title/tt0381681/
The Exorcist,,8.1,Horror,"When a mysterious entity possesses a young girl, her mother seeks the help of two Catholic priests to save her life.",William Friedkin,https://www.imdb.com/title/tt0070047/
The Sound of Music,,8.1,"Biography, Drama, Family",A young novice is sent by her convent in 1930s Austria to become a governess to the seven children of a widowed naval officer.,Robert Wise,https://www.imdb.com/title/tt0059742/
La passion de Jeanne d&apos;Arc,,8.1,"Biography, Drama, History","In 1431, Jeanne d&apos;Arc is placed on trial on charges of heresy, and the ecclesiastical jurists attempt to force her to recant her claims of holy visions.",Carl Theodor Dreyer,https://www.imdb.com/title/tt0019254/
The Wizard of Oz,,8.1,"Adventure, Family, Fantasy","Young Dorothy Gale and her dog Toto are swept away by a tornado from their Kansas farm to the magical Land of Oz and embark on a quest with three new friends to see the Wizard, who can return her to her home and fulfill the others...",Victor Fleming,https://www.imdb.com/title/tt0032138/
The Incredibles,,8.0,"Animation, Action, Adventure","While trying to lead a quiet suburban life, a family of undercover superheroes are forced into action to save the world.",Brad Bird,https://www.imdb.com/title/tt0317705/
Hachi: A Dog&apos;s Tale,,8.1,"Biography, Drama, Family","Professor Wilson discovers a lost Akita puppy on his way home. Despite objections from his wife, Hachi endears himself to the family and grows to be Parker&apos;s loyal companion. As their bond grows deeper, a beautiful relationship un...",Lasse Hallström,https://www.imdb.com/title/tt1028532/
Rush,,8.1,"Biography, Drama, Sport","James Hunt and Niki Lauda, two extremely skilled Formula One racers, have an intense rivalry with each other. However, it is their enmity that pushes them to their limits.",Ron Howard,https://www.imdb.com/title/tt1979320/
Stand by Me,,8.1,"Adventure, Comedy, Drama",A writer recounts a childhood journey with his friends to find the body of a missing boy.,Rob Reiner,https://www.imdb.com/title/tt0092005/
Network,,8.1,Drama,"A television network cynically exploits a deranged former anchor&apos;s ravings and revelations about mass media for its own profit, but finds that his message may be difficult to control.",Sidney Lumet,https://www.imdb.com/title/tt0074958/
Babam ve Oglum,,8.2,"Drama, Family",The family of a left-wing journalist is torn apart after the military coup of Turkey in 1980.,Çagan Irmak,https://www.imdb.com/title/tt0476735/
The Iron Giant,,8.1,"Animation, Action, Adventure",A young boy befriends a giant robot from outer space that a paranoid government agent wants to destroy.,Brad Bird,https://www.imdb.com/title/tt0129167/
Ah-ga-ssi,,8.1,"Drama, Romance, Thriller","In 1930s Korea, a girl is hired as a handmaiden to a Japanese heiress who lives a secluded life on a countryside estate. But the maid has a secret: She is a pickpocket recruited by a swindler to help seduce the Lady and steal her ...",Park Chan-wook,https://www.imdb.com/title/tt4016934/
To Be or Not to Be,,8.1,"Comedy, Romance, War","During the German occupation of Poland, an acting troupe becomes embroiled in a Polish soldier&apos;s efforts to track down a German spy.",Ernst Lubitsch,https://www.imdb.com/title/tt0035446/
Koe no katachi,,8.1,"Animation, Drama","A deaf girl, Shoko, is bullied by the popular Shoya. As Shoya continues to bully Shoko, the class turns its back on him. Shoko transfers and Shoya grows up as an outcast. Alone and depressed, the regretful Shoya finds Shoko to mak...",Naoko Yamada,https://www.imdb.com/title/tt5323662/
La battaglia di Algeri,,8.1,"Drama, War","In the 1950s, fear and violence escalate as the people of Algiers fight for independence from the French government.",Gillo Pontecorvo,https://www.imdb.com/title/tt0058946/
The Grapes of Wrath,,8.1,Drama,"An Oklahoma family, driven off their farm by the poverty and hopelessness of the Dust Bowl, joins the westward migration to California, suffering the misfortunes of the homeless in the Great Depression.",John Ford,https://www.imdb.com/title/tt0032551/
Into the Wild,,8.0,"Adventure, Biography, Drama","After graduating from Emory University, top student and athlete Christopher McCandless abandons his possessions, gives his entire $24,000 savings account to charity and hitchhikes to Alaska to live in the wilderness.",Sean Penn,https://www.imdb.com/title/tt0758758/
Groundhog Day,,8.0,"Comedy, Drama, Fantasy","A narcissistic, self-centered weatherman finds himself in a time loop on Groundhog Day.",Harold Ramis,https://www.imdb.com/title/tt0107048/
The Help,,8.1,Drama,"An aspiring author during the civil rights movement of the 1960s decides to write a book detailing the African American maids&apos; point of view on the white families for which they work, and the hardships they go through on a daily b...",Tate Taylor,https://www.imdb.com/title/tt1454029/
Amores perros,,8.0,"Drama, Thriller","An amateur dog fighter, a supermodel, and a derelict assassin, all separately struggling to find love, find their lives transformed by a devastating car wreck in Mexico City.",Alejandro G. Iñárritu,https://www.imdb.com/title/tt0245712/
Laapataa Ladies,,8.3,"Comedy, Drama","The misadventures of two young brides who get lost from the same train. From mistaken identities to laugh-out-aloud escapades, the ensuing chaos guarantees laughter galore and heartwarming moments.",Kiran Rao,https://www.imdb.com/title/tt21626284/
Gangs of Wasseypur,,8.2,"Action, Comedy, Crime","A clash between Sultan and Shahid Khan leads to the expulsion of Khan from Wasseypur, and ignites a deadly blood feud spanning three generations.",Anurag Kashyap,https://www.imdb.com/title/tt1954470/
